No.,d,g_y,d_pixel,
1,2.0,320,412,
3,2.3,319,456,
4,2.2,321,426,
5,2.0,320,413,
6,2.2,320,419,
7,2.2,321,439,
8,2.1,320,436,
9,2.2,321,448,
10,2.1,321,450,
11,2.2,320,437,
12,2.1,320,430,
13,2.2,321,424,
14,1.8,318,424,
15,2.3,318,457,
16,2.3,320,447,
17,2.2,319,438,
18,2.4,320,474,
19,2.2,320,478,
20,2.2,320,448,
21,2.3,324,460,
22,2.4,320,469,
23,2.2,320,449,
24,2.2,318,432,
25,2.2,320,444,
26,2.2,321,424,
27,2.1,320,422,
28,2.1,320,434,
29,2.2,319,444,
30,2.4,321,452,
31,2.2,320,436,
32,2.4,320,544,
33,2.2,320,537,
34,2.2,320,436,
35,2.2,321,450,
36,2.4,319,467,
37,2.2,319,420,
39,2.5,320,479,
40,2.3,319,455,
41,2.4,320,458,
42,2.2,320,427,
43,2.3,320,450,
44,2.2,319,433,
45,2.2,320,429,
46,2.3,320,448,
47,2.1,319,423,
48,2.1,320,429,
49,2.3,318,450,
50,2.3,321,457,
51,2.1,319,437,
52,2.2,320,440,
53,2.1,321,425,
54,2.2,319,429,
55,2.2,320,442,
56,2.2,322,438,
57,2.2,320,441,
58,2.3,320,456,
59,2.1,320,415,
60,2.2,318,422,
61,2.1,320,416,
62,2.2,320,428,
63,2.2,320,461,
64,2.2,320,443,
65,2.1,319,408,
66,2.2,320,457,
67,2.3,320,437,
68,2.3,320,444,
69,2.1,320,421,
70,2.1,314,430,
71,2.2,319,428,
72,2.2,320,436,
73,2.2,321,432,
74,2.2,320,432,
75,2.2,320,444,
76,2.2,319,438,
77,2.3,321,452,
78,2.1,319,418,
79,2.2,319,452,
80,2.2,317,427,
81,2.2,316,428,
82,2.3,321,447,
83,2.1,319,413,
84,2.2,320,427,
85,2.2,320,448,
86,2.2,320,440,
87,2.2,320,438,
88,2.1,320,422,
89,2.1,320,421,
90,2.2,320,431,
91,2.2,320,431,
92,2.1,320,425,
93,1.9,320,415,
94,2.0,320,409,
95,2.0,320,419,
96,2.1,320,434,
97,2.0,320,414,
98,2.0,320,403,
99,2.1,320,416,
100,2.1,319,438,
101,2.1,319,422,
102,2.1,321,406,
103,2.1,321,419,
104,2.0,320,418,
105,2.0,321,418,
106,2.1,320,421,
107,2.1,319,426,
108,2.2,320,439,
109,2.2,320,427,
110,2.2,319,441,
111,2.2,320,438,
112,2.3,321,452,
113,2.2,319,451,
114,2.2,318,451,
115,2.0,320,417,
116,2.2,319,432,
117,2.2,321,443,
118,2.2,320,428,
119,2.2,321,441,
120,2.2,320,443,
121,2.2,321,436,
122,2.1,321,429,
123,2.2,320,442,
124,2.2,320,430,
125,2.2,320,439,
126,2.2,320,434,
127,2.2,319,436,
128,2.0,319,397,
132,2.2,320,448,
133,2.2,320,447,
134,2.2,320,439,
135,2.3,320,448,
136,2.2,320,433,
137,2.2,320,427,
138,2.0,320,412,
139,2.2,320,442,
140,2.1,320,414,
141,2.1,320,436,
142,2.2,320,442,
143,2.0,320,408,
144,2.2,320,444,
145,2.1,320,411,
146,1.9,320,386,
147,2.2,320,445,
148,2.1,320,421,
149,2.2,320,447,
150,2.3,318,476,
151,2.1,320,428,
152,2.2,320,441,
153,2.2,320,441,
154,2.2,320,434,
155,2.1,321,421,
156,2.1,318,430,
157,2.1,319,418,
158,2.1,320,414,
159,2.1,320,431,
160,2.2,319,444,
161,2.0,320,412,
162,2.2,320,437,
163,2.1,321,423,
164,2.1,320,434,
165,2.1,320,416,
166,2.3,320,453,
167,2.2,320,435,
168,2.2,320,468,
169,2.1,320,467,
170,2.1,320,417,
171,2.2,320,442,
172,2.1,320,431,
173,2.0,320,415,
174,2.1,320,421,
175,2.1,320,427,
176,2.0,320,416,
177,2.2,320,445,
178,2.2,318,433,
179,2.2,320,438,
180,2.0,318,414,
181,2.0,320,408,
182,2.2,320,436,
183,2.2,318,423,
184,2.1,320,409,
185,2.2,320,432,
186,2.1,320,414,
187,2.1,320,421,
188,2.1,320,423,
189,2.1,320,409,
190,2.2,320,442,
191,2.3,320,445,
192,2.1,321,422,
193,2.1,320,431,
195,2.2,320,431,
196,2.1,320,419,
197,2.1,320,416,
198,2.0,320,402,
199,2.1,320,427,
200,2.0,320,402,
201,2.1,320,426,
202,2.1,320,424,
203,2.1,320,430,
204,2.1,321,429,
205,2.0,320,406,
206,2.1,321,425,
207,2.1,320,428,
208,1.9,321,401,
209,2.0,320,419,
210,2.2,320,448,
211,2.0,320,430,
212,2.3,320,450,
213,2.0,319,394,
214,2.1,321,415,
215,1.9,321,417,
216,2.2,321,444,
217,2.1,321,422,
218,2.0,320,405,
219,2.1,320,426,
220,2.2,320,433,
221,2.1,320,436,
222,2.2,320,437,
223,2.1,320,537,
224,2.2,320,441,
225,2.0,320,440,
226,2.1,319,460,
227,2.1,320,426,
228,2.0,321,414,
229,2.2,318,427,
230,2.1,321,419,
231,2.1,320,413,
232,2.2,319,441,
233,2.0,319,407,
234,2.2,320,424,
235,2.1,320,407,
236,2.0,321,401,
238,2.2,320,422,
239,2.3,313,454,
240,2.3,320,473,
241,2.3,319,464,
242,2.2,310,456,
243,2.3,320,468,
244,2.4,320,496,
245,2.3,319,467,
246,2.3,320,466,
247,2.4,320,491,
249,2.2,318,471,
250,2.1,318,436,
251,2.4,320,481,
252,2.3,324,482,
253,2.3,320,476,
254,2.2,319,458,
255,2.3,316,457,
256,2.1,320,448,
257,2.3,320,472,
258,2.4,322,495,
259,2.1,317,450,
260,2.3,319,500,
261,2.3,344,469,
262,2.5,315,468,
263,2.3,317,465,
264,2.3,319,466,
265,2.4,320,473,
266,2.3,320,545,
267,2.3,320,460,
268,2.3,321,472,
269,2.2,319,466,
270,2.4,323,505,
271,2.3,320,463,
272,2.2,320,469,
273,2.1,321,459,
274,2.4,320,500,
275,2.2,319,453,
276,2.3,320,482,
277,2.3,320,470,
278,2.3,320,472,
279,2.2,321,459,
280,2.3,320,487,
281,2.3,320,484,
282,2.4,319,523,
283,2.3,321,473,
284,2.4,320,545,
285,2.2,322,547,
286,2.1,320,450,
287,2.1,320,456,
288,2.3,319,476,
289,2.3,320,477,
290,2.2,319,485,
291,2.2,320,531,
292,2.1,320,555,
293,2.1,318,442,
295,2.4,321,481,
296,2.3,319,484,
297,2.4,319,562,
298,2.5,321,535,
299,2.4,320,494,
300,2.3,319,471,
301,2.4,320,556,
302,2.6,320,505,
303,2.2,318,475,
304,2.2,319,476,
305,2.1,320,462,
306,2.2,321,472,
307,2.3,319,548,
308,2.1,319,446,
309,2.3,320,478,
310,2.2,320,453,
311,2.4,319,487,
312,2.5,320,492,
313,2.3,320,475,
314,2.2,320,452,
315,2.3,317,483,
316,2.3,320,475,
317,2.2,320,457,
318,2.3,319,467,
319,2.3,319,476,
321,2.5,319,494,
322,2.5,321,491,
323,2.4,320,485,
324,2.3,320,479,
325,2.3,318,466,
326,2.3,320,475,
327,2.2,321,469,
328,2.3,320,542,
329,2.3,319,523,
330,2.3,318,467,
331,2.3,320,460,
332,2.4,320,493,
333,2.5,319,488,
334,2.2,320,495,
335,2.2,320,484,
336,2.3,320,472,
337,2.3,318,474,
338,2.2,319,480,
339,2.4,319,502,
340,2.3,321,473,
341,2.3,320,482,
342,2.1,319,455,
343,2.2,319,479,
344,2.6,320,501,
345,2.3,320,479,
346,2.2,319,462,
347,2.1,320,477,
348,2.3,320,475,
349,2.3,320,464,
350,2.2,321,467,
351,2.0,319,422,
352,2.3,316,489,
353,2.3,320,508,
354,2.3,320,464,
355,2.5,320,501,
356,2.3,320,492,
357,2.1,320,461,
358,2.3,320,475,
359,2.3,320,461,
360,2.3,320,489,
361,2.3,320,479,
362,2.3,320,472,
363,2.3,320,472,
364,2.3,320,471,
365,2.3,320,477,
366,2.2,321,449,
367,2.3,320,529,
368,2.0,320,459,
369,2.2,319,568,
370,2.3,320,540,
371,2.1,323,537,
372,2.1,319,444,
373,2.2,319,460,
374,2.3,316,467,
375,2.2,320,495,
376,2.1,320,442,
377,2.2,319,465,
378,2.1,325,532,
379,2.3,319,485,
380,1.9,318,429,
381,2.1,319,471,
382,2.0,339,447,
383,2.2,320,494,
384,2.2,322,447,
385,2.3,319,488,
386,2.2,319,459,
387,2.3,323,558,
388,2.4,319,500,
389,2.3,320,559,
390,2.2,320,475,
391,2.2,328,452,
392,2.2,320,549,
393,2.3,320,481,
394,2.2,319,464,
395,2.3,328,518,
396,2.3,319,479,
397,2.3,320,484,
398,2.5,319,508,
399,2.1,321,455,
400,2.3,331,474,
401,2.3,321,459,
402,2.3,319,472,
403,2.3,320,480,
404,2.3,327,481,
405,2.3,335,559,
406,2.3,320,472,
407,2.2,321,469,
408,2.3,320,552,
409,2.2,321,472,
410,2.2,319,478,
411,2.3,319,493,
412,2.3,320,490,
413,2.0,320,458,
414,2.1,320,446,
415,2.1,320,457,
416,2.2,320,466,
417,2.5,320,580,
418,2.1,326,447,
419,2.3,320,462,
420,2.2,320,468,
421,2.2,320,450,
422,2.1,319,441,
423,2.5,320,482,
424,2.6,320,519,
425,2.2,326,452,
426,2.2,320,445,
427,2.2,321,470,
428,2.3,320,482,
429,2.2,320,447,
430,2.4,319,491,
431,2.2,319,530,
432,2.3,320,519,
433,2.3,319,489,
434,2.2,320,449,
435,2.3,331,474,
436,2.2,321,453,
437,2.2,320,464,
439,2.3,321,499,
440,2.3,320,486,
441,2.5,319,494,
442,2.6,319,504,
443,2.4,319,492,
444,2.2,320,474,
445,2.6,320,504,
446,2.4,320,568,
447,2.2,319,484,
453,2.3,319,492,
454,2.6,319,525,
455,2.3,319,515,
457,2.4,320,492,
458,2.4,319,489,
459,2.3,319,489,
460,2.3,319,479,
461,2.2,320,468,
462,2.7,320,546,
463,2.5,320,510,
464,2.5,319,492,
465,2.5,320,496,
466,2.4,319,491,
467,2.4,319,495,
468,2.2,320,465,
469,2.6,320,526,
470,2.6,319,522,
471,2.6,320,533,
472,2.4,319,474,
473,2.4,320,506,
474,2.3,320,482,
475,2.3,320,485,
477,2.7,320,547,
478,2.4,320,500,
479,2.3,321,455,
480,2.5,320,501,
481,2.3,319,484,
482,2.2,320,464,
483,2.4,319,477,
485,2.5,320,508,
486,2.5,319,505,
487,2.2,319,487,
488,2.5,322,511,
489,2.5,319,492,
490,2.7,320,520,
491,2.4,319,507,
492,2.3,319,518,
493,2.5,320,498,
494,2.5,320,499,
495,2.3,319,476,
496,2.4,319,494,
498,2.5,321,503,
499,2.3,319,500,
500,2.3,320,473,
501,2.4,319,492,
502,2.5,319,490,
503,2.5,319,516,
504,2.4,320,501,
505,2.4,320,485,
506,2.5,320,513,
507,2.4,319,490,
508,2.5,320,508,
509,2.5,320,503,
510,2.2,320,476,
511,2.4,319,482,
513,2.4,320,496,
514,2.7,320,535,
515,2.5,320,510,
516,2.3,319,472,
517,2.4,319,500,
518,2.5,320,517,
519,2.3,320,486,
520,2.4,319,493,
521,2.4,321,489,
522,2.4,320,494,
523,2.2,320,492,
524,2.3,319,491,
525,2.3,320,496,
527,2.5,323,502,
528,2.4,319,489,
529,2.5,319,510,
530,2.3,318,475,
531,2.4,319,493,
532,2.5,321,497,
533,2.4,320,497,
535,2.5,321,497,
536,2.3,320,475,
537,2.3,320,479,
538,2.3,322,477,
539,2.3,319,494,
540,2.2,320,478,
541,2.5,319,490,
542,2.2,319,462,
543,2.5,320,498,
544,2.6,320,517,
545,2.6,320,525,
546,2.6,320,528,
547,2.4,319,496,
548,2.4,320,502,
549,2.4,320,492,
550,2.3,321,463,
551,2.4,320,493,
552,2.5,319,506,
553,2.4,319,486,
554,2.4,320,485,
555,2.3,320,477,
556,2.6,319,527,
557,2.4,320,473,
558,2.4,320,489,
559,2.3,318,479,
560,2.4,320,476,
561,2.3,323,474,
562,2.4,320,502,
563,2.7,320,529,
564,2.8,320,551,
565,2.3,319,487,
566,2.6,319,517,
567,2.5,319,493,
568,2.4,319,472,
569,2.4,319,490,
570,2.3,320,474,
571,2.2,319,451,
572,2.5,320,495,
573,2.4,319,472,
574,2.4,320,476,
575,2.2,320,471,
576,2.4,319,487,
577,2.3,320,481,
578,2.4,319,503,
579,2.3,320,481,
580,2.2,319,464,
581,2.2,320,456,
582,2.2,320,458,
583,2.3,319,461,
584,2.4,320,473,
585,2.2,326,469,
586,2.2,320,496,
587,2.3,320,471,
588,2.3,319,478,
589,2.3,319,470,
590,2.2,320,497,
591,2.3,321,454,
592,2.3,320,550,
593,2.4,320,486,
594,2.4,320,463,
595,2.3,320,451,
596,2.3,320,469,
597,2.3,319,538,
598,2.3,319,465,
599,2.1,319,446,
600,2.3,318,484,
601,2.4,320,490,
602,2.3,327,460,
603,2.4,320,475,
604,2.2,319,468,
605,2.2,318,469,
606,2.2,316,517,
607,2.3,319,454,
608,2.3,318,481,
609,2.3,320,464,
610,2.8,319,534,
611,2.2,321,439,
612,2.2,320,461,
613,2.3,319,463,
614,2.3,321,468,
615,2.3,319,470,
616,2.5,320,490,
617,2.3,319,470,
618,2.2,320,452,
619,2.5,320,489,
620,2.5,320,492,
621,2.2,320,469,
622,2.0,320,427,
623,0.3,319,456,
624,2.2,334,456,
625,2.4,320,469,
626,2.3,321,469,
627,2.2,319,464,
628,2.3,321,475,
629,2.4,319,476,
630,2.3,320,483,
631,2.1,320,442,
632,2.3,321,465,
633,2.2,320,448,
634,2.2,321,446,
635,2.2,320,446,
636,2.3,320,465,
637,2.1,318,505,
638,2.2,320,445,
639,2.2,319,448,
640,2.3,318,477,
641,2.2,320,466,
642,2.3,320,453,
643,2.3,321,461,
644,2.3,320,478,
645,2.3,321,471,
647,2.3,320,470,
648,2.5,320,491,
649,2.3,320,501,
650,2.4,319,480,
651,2.4,320,484,
652,2.3,317,463,
653,2.2,321,455,
655,2.5,319,487,
656,2.3,319,472,
657,2.3,319,480,
658,2.4,320,490,
659,2.1,319,444,
660,2.4,320,477,
661,2.4,324,477,
662,2.1,320,446,
663,2.5,319,491,
664,2.4,320,489,
665,2.6,319,504,
666,2.3,320,476,
667,2.4,319,468,
668,2.4,320,486,
669,2.2,321,469,
670,2.4,320,494,
671,2.2,320,451,
673,2.3,320,467,
674,2.1,322,448,
675,2.1,320,450,
676,2.4,318,486,
677,2.5,320,498,
678,2.1,319,435,
679,2.2,319,449,
680,2.2,320,454,
681,2.3,319,455,
682,2.4,320,477,
683,2.3,327,466,
684,2.2,320,458,
685,2.2,319,442,
686,2.3,320,466,
687,2.4,319,470,
688,2.3,319,464,
689,2.1,319,558,
690,2.3,320,465,
691,2.3,317,475,
692,2.2,320,455,
693,2.5,319,481,
695,2.3,319,464,
696,2.4,320,485,
697,2.4,318,476,
698,2.3,320,457,
699,2.2,320,434,
700,2.4,321,480,
701,2.5,320,494,
702,2.3,319,473,
703,2.3,320,471,
704,2.3,319,474,
705,2.4,320,483,
706,2.6,320,512,
707,2.4,320,486,
708,2.3,320,491,
709,2.4,320,476,
710,2.4,320,494,
711,2.3,320,565,
712,2.5,320,487,
713,2.4,320,485,
714,2.3,320,469,
715,2.2,320,459,
716,2.3,320,471,
717,2.2,319,445,
718,2.3,320,541,
719,2.3,321,525,
720,2.3,319,472,
721,2.5,321,503,
722,2.4,320,478,
723,2.4,319,461,
724,2.2,319,454,
725,2.4,321,482,
726,2.3,319,466,
727,2.5,320,500,
728,2.6,319,542,
729,2.4,320,552,
730,2.6,320,518,
731,2.5,320,491,
732,2.4,319,483,
733,2.2,321,452,
734,2.5,320,492,
735,2.6,320,501,
736,2.4,320,477,
737,2.4,320,513,
738,2.5,319,490,
739,2.3,320,475,
740,2.3,320,472,
741,2.3,320,490,
742,2.4,319,473,
743,2.3,319,474,
744,2.1,320,437,
745,2.4,320,480,
746,2.2,320,467,
747,2.5,320,487,
748,2.2,321,451,
749,2.3,320,476,
750,2.4,320,477,
751,2.1,321,453,
752,2.3,320,481,
753,2.3,320,479,
754,2.3,319,461,
755,2.4,321,472,
756,2.3,320,461,
757,2.4,320,467,
758,2.3,320,473,
759,2.5,318,522,
760,2.3,320,477,
761,2.2,320,447,
762,2.1,319,454,
763,2.2,320,452,
764,2.3,320,463,
765,2.3,320,468,
766,2.3,319,460,
767,2.1,321,445,
768,2.5,319,483,
769,2.5,320,485,
770,2.4,320,499,
771,2.2,320,454,
772,2.4,320,480,
773,2.4,319,492,
774,2.2,320,469,
775,2.1,319,422,
776,2.3,319,469,
777,2.1,319,517,
778,2.4,320,467,
779,2.4,320,467,
780,2.2,319,440,
781,2.2,319,436,
782,2.4,320,494,
783,2.6,320,512,
784,2.3,320,464,
785,2.5,319,500,
786,2.4,319,487,
787,2.3,319,456,
789,2.4,321,487,
790,2.3,320,459,
791,2.4,320,486,
792,2.2,320,451,
793,2.4,320,475,
794,2.4,321,480,
795,2.3,320,463,
796,2.3,319,464,
797,2.3,320,469,
798,2.2,320,454,
799,2.5,320,492,
800,2.3,320,473,
801,2.4,320,474,
802,2.3,320,471,
803,2.3,320,471,
804,2.3,319,458,
805,2.4,320,475,
806,2.2,320,450,
807,2.3,319,461,
808,2.3,321,466,
809,2.2,319,456,
810,2.4,320,473,
811,2.3,319,464,
812,2.5,320,495,
813,2.3,321,460,
814,2.2,319,417,
815,2.3,319,484,
816,2.2,318,440,
817,2.1,320,489,
819,2.2,319,447,
820,2.2,318,441,
821,2.3,321,449,
822,2.2,321,435,
823,2.1,319,431,
824,2.2,321,439,
825,2.3,319,449,
827,2.1,320,445,
828,2.3,320,502,
829,2.2,319,434,
830,2.2,319,436,
831,2.3,320,470,
832,2.1,324,430,
833,2.2,319,442,
834,2.1,319,428,
835,2.3,320,467,
836,2.2,319,430,
837,2.3,319,468,
838,2.1,321,431,
839,2.2,318,438,
840,2.2,319,445,
841,2.2,319,458,
842,2.2,320,450,
843,2.2,320,451,
844,2.1,320,436,
845,2.2,319,452,
846,2.2,320,433,
847,2.2,320,443,
848,2.2,319,447,
849,2.1,320,451,
850,2.2,319,453,
851,2.1,319,435,
852,2.2,320,466,
853,2.2,320,443,
854,2.2,320,458,
856,2.2,319,453,
857,2.1,320,427,
858,2.1,319,445,
860,2.2,319,447,
861,2.1,320,428,
862,2.2,320,449,
863,2.1,320,432,
865,2.1,320,440,
866,2.2,320,454,
868,2.2,319,437,
869,2.4,319,480,
870,2.1,320,439,
871,2.1,319,434,
872,2.1,318,436,
873,2.2,320,438,
874,2.2,319,458,
875,2.1,320,431,
876,2.2,320,442,
877,2.1,320,436,
878,2.2,319,452,
879,2.2,320,448,
880,2.2,319,460,
881,2.1,319,435,
882,2.1,320,434,
883,2.1,320,451,
884,2.2,320,451,
885,2.2,320,453,
886,2.2,320,454,
887,2.2,319,438,
888,2.1,320,431,
889,2.2,319,457,
890,2.2,319,456,
891,2.2,320,439,
892,2.1,320,478,
893,2.3,320,463,
894,2.0,318,404,
895,2.1,319,446,
896,2.3,319,498,
897,2.3,321,461,
898,2.2,320,445,
899,2.3,319,456,
901,2.3,319,467,
902,2.3,319,465,
903,2.2,320,464,
904,2.2,319,442,
905,2.1,320,435,
906,2.1,319,428,
907,2.1,319,434,
908,2.2,319,446,
909,2.1,319,438,
910,2.2,319,448,
911,2.0,320,423,
912,2.1,320,436,
913,2.2,318,450,
914,2.3,320,455,
915,2.2,320,483,
916,2.1,318,418,
917,2.2,318,424,
918,2.1,319,450,
919,2.2,320,454,
920,2.1,320,450,
921,2.0,320,399,
922,2.2,319,448,
923,2.3,320,508,
924,2.2,320,354,
925,2.1,320,433,
926,2.1,320,457,
927,2.0,319,423,
928,2.0,319,412,
929,2.2,319,451,
930,2.1,319,452,
931,2.2,320,429,
932,2.2,320,444,
933,2.2,320,446,
934,2.3,320,464,
935,2.2,320,444,
936,2.3,320,454,
937,2.2,320,446,
938,2.4,318,473,
939,2.3,320,455,
940,2.1,320,431,
941,2.4,321,470,
942,2.1,319,430,
943,2.2,320,439,
944,2.0,320,426,
945,2.2,320,452,
946,2.1,319,422,
947,2.2,320,436,
949,2.2,320,433,
950,2.2,319,453,
951,2.2,319,427,
952,2.2,319,457,
953,2.2,319,452,
954,2.3,319,459,
955,2.3,320,457,
956,2.2,320,449,
957,2.2,320,438,
958,2.2,320,445,
959,2.1,320,417,
960,2.0,320,412,
961,2.1,320,553,
963,2.2,320,450,
964,2.1,319,437,
965,2.3,319,547,
966,2.1,319,404,
967,2.3,321,450,
968,2.2,319,445,
969,2.1,319,430,
970,2.2,319,449,
971,1.9,321,402,
972,2.2,320,440,
973,2.1,319,467,
974,2.3,320,465,
975,2.2,319,440,
976,2.0,319,428,
977,2.1,319,436,
978,2.3,319,509,
979,2.3,354,478,
980,2.3,320,456,
981,2.5,336,499,
982,2.4,321,477,
983,2.3,334,472,
984,2.3,347,464,
985,2.3,334,530,
986,2.4,333,534,
987,2.3,320,467,
988,2.1,320,429,
989,2.4,320,489,
990,2.3,319,471,
991,2.4,338,478,
992,2.5,320,487,
993,2.3,319,498,
994,2.5,327,579,
995,2.3,319,571,
996,2.4,320,467,
997,2.2,319,434,
998,2.3,335,463,
999,2.4,323,536,
1000,2.3,319,528,
1001,2.4,333,473,
1002,2.1,320,437,
1003,2.0,320,401,
1004,2.0,320,514,
1005,2.1,319,439,
1006,1.9,321,403,
1008,2.0,320,408,
1009,2.0,320,403,
1010,2.0,319,409,
1011,1.8,320,477,
1012,1.8,320,380,
1013,1.9,320,396,
1014,2.0,320,411,
1015,1.8,320,380,
1016,2.1,344,507,
1017,1.9,320,404,
1018,1.9,345,433,
1019,2.0,320,404,
1020,1.7,321,421,
1021,1.7,320,370,
1022,1.8,319,382,
1023,1.9,319,406,
1024,2.1,320,418,
1025,2.1,320,496,
1026,2.0,319,446,
1027,2.0,320,546,
1028,2.1,320,421,
1029,1.8,320,388,
1030,1.9,319,392,
1031,1.8,320,388,
1032,1.9,321,469,
1033,2.0,319,458,
1034,1.9,320,511,
1035,1.7,320,376,
1036,1.8,319,501,
1037,2.2,340,544,
1038,2.5,320,518,
1039,2.3,319,478,
1040,2.3,320,468,
1041,2.0,320,436,
1042,2.4,319,532,
1043,2.3,319,526,
1044,2.3,345,472,
1045,2.5,320,598,
1046,2.2,319,436,
1047,2.3,319,483,
1048,2.3,320,540,
1049,2.3,337,465,
1050,2.0,318,414,
1051,1.8,320,393,
1052,2.0,332,432,
1053,2.1,320,428,
1054,1.9,319,424,
1055,1.8,320,445,
1056,1.9,319,529,
1057,2.0,319,504,
1058,2.0,320,410,
1059,1.8,319,384,
1060,1.7,320,383,
1061,1.8,320,398,
1062,1.9,330,400,
1063,1.9,320,394,
1064,1.9,320,398,
1065,1.9,320,386,
1066,1.8,320,370,
1067,1.8,320,525,
1068,1.8,320,383,
1069,1.9,320,396,
1070,1.9,320,411,
1071,1.9,319,501,
1072,1.8,319,528,
1073,2.0,319,404,
1085,2.2,334,454,
1086,2.3,320,465,
1087,2.2,319,446,
1088,2.4,321,482,
1089,2.3,320,473,
1090,2.4,319,486,
1091,2.3,320,468,
1092,2.2,319,468,
1094,2.5,319,527,
1095,2.3,320,475,
1096,2.2,329,466,
1097,2.3,319,578,
1098,2.2,332,448,
1099,2.2,319,486,
1100,2.4,318,542,
1101,2.2,320,440,
1102,2.3,320,480,
1103,1.8,319,388,
1104,1.8,325,354,
1105,1.9,320,361,
1106,1.8,320,346,
1107,2.0,320,424,
1108,2.0,320,425,
1109,1.9,319,536,
1110,2.0,319,403,
1111,2.0,320,403,
1112,1.9,320,488,
1113,2.0,320,434,
1114,1.9,319,510,
1115,1.8,319,500,
1116,1.8,304,497,
1117,1.7,316,494,
1118,1.7,318,411,
1121,2.2,335,510,
1122,2.3,320,468,
1123,2.3,319,503,
1124,2.4,320,479,
1125,2.3,322,449,
1126,2.2,334,466,
1127,2.3,320,474,
1129,1.8,320,632,
1131,1.7,322,491,
1132,1.8,320,454,
1133,1.8,322,621,
1134,1.7,335,470,
1135,1.8,323,475,
1137,2.5,320,514,
1138,2.5,319,501,
1139,2.8,320,528,
1140,2.7,319,533,
1142,2.6,319,518,
1143,2.8,319,560,
1144,2.4,318,490,
1145,2.6,320,521,
1146,2.7,321,525,
1147,2.7,320,525,
1148,2.7,319,543,
1149,2.7,320,527,
1150,2.4,319,492,
1151,2.7,319,541,
1152,2.6,320,515,
1153,2.5,320,503,
1154,2.8,319,547,
1155,2.7,320,533,
1156,2.4,319,480,
1157,2.4,320,534,
1158,2.6,319,518,
1159,2.5,319,493,
1160,2.6,320,523,
1161,2.4,323,494,
1162,2.7,321,524,
1163,2.6,319,516,
1164,2.5,320,488,
1165,2.7,320,535,
1166,2.5,319,621,
1167,2.6,320,519,
1168,2.8,319,551,
1169,2.4,319,500,
1170,2.8,319,553,
1171,2.6,320,514,
1172,2.6,320,513,
1173,2.7,331,528,
1174,2.6,320,517,
1175,2.6,319,519,
1176,2.6,320,516,
1177,2.7,320,526,
1178,2.7,319,538,
1179,2.5,319,566,
1180,2.5,320,503,
1181,2.5,319,510,
1182,2.4,322,500,
1183,2.8,320,557,
1184,2.4,320,495,
1185,2.6,319,498,
1186,2.5,320,504,
1187,2.6,319,507,
1188,2.5,320,505,
1189,2.5,320,511,
1190,2.5,320,507,
1191,2.5,319,503,
1192,2.7,320,531,
1193,2.5,320,510,
1194,2.5,320,496,
1195,2.6,320,519,
1196,2.5,320,523,
1197,2.6,320,509,
1198,2.4,319,507,
1199,2.4,320,499,
1200,2.7,324,542,
1201,2.6,320,508,
1202,2.5,319,506,
1203,2.3,320,488,
1204,2.6,319,511,
1205,2.4,320,485,
1206,2.7,320,510,
1207,2.6,319,512,
1208,2.6,319,530,
1209,2.4,319,494,
1210,2.4,319,495,
1211,2.5,319,512,
1212,2.6,320,519,
1213,2.4,319,492,
1214,2.7,320,529,
1215,2.5,319,488,
1216,2.7,319,529,
1217,2.4,319,488,
1218,2.6,320,519,
1219,2.3,320,478,
1220,2.6,320,511,
1221,2.8,319,545,
1222,2.5,320,498,
1223,2.6,319,524,
1224,2.8,319,548,
1225,2.4,320,474,
1226,2.6,319,523,
1227,2.4,320,499,
1228,2.5,319,499,
1229,2.4,320,494,
1230,2.5,320,511,
1231,2.5,319,508,
1232,2.5,319,577,
1233,2.5,320,532,
1234,2.6,320,527,
1235,2.6,320,525,
1236,2.6,320,514,
1237,2.6,320,524,
1238,2.6,319,523,
1239,2.4,321,480,
1240,2.6,320,498,
1241,2.6,321,508,
1242,2.6,320,520,
1243,2.5,320,564,
1244,2.7,319,530,
1245,2.6,319,509,
1247,2.8,319,553,
1248,2.7,320,538,
1249,2.5,319,498,
1250,2.5,320,503,
1251,2.5,319,495,
1252,2.5,320,493,
1253,2.5,320,514,
1254,2.5,320,505,
1255,2.5,318,495,
1256,2.4,332,484,
1257,2.7,319,523,
1258,2.7,320,519,
1259,2.4,318,498,
1260,2.8,319,543,
1261,2.5,320,518,
1262,2.4,319,500,
1263,2.4,320,480,
1264,2.6,319,512,
1265,2.5,319,500,
1267,2.5,320,507,
1268,2.4,320,524,
1269,2.3,320,470,
1270,2.5,320,513,
1271,2.6,320,527,
1272,2.6,319,513,
1273,2.4,319,496,
1274,2.7,320,528,
1275,2.5,320,500,
1276,2.5,319,515,
1277,2.8,320,535,
1278,2.6,320,516,
1279,2.7,320,528,
1280,2.6,320,557,
1281,2.5,320,510,
1282,2.6,319,510,
1283,2.4,320,497,
1284,2.6,320,518,
1285,2.8,323,559,
1287,2.6,321,518,
1288,2.5,320,509,
1289,2.4,320,504,
1290,2.4,320,490,
1291,2.6,320,523,
1292,2.6,320,549,
1293,2.6,320,509,
1294,2.5,320,507,
1295,2.4,320,486,
1296,2.5,320,512,
1297,2.5,319,518,
1298,2.4,320,497,
1299,2.5,320,520,
1300,2.5,320,507,
1301,2.4,320,484,
1302,2.5,319,534,
1303,2.5,319,495,
1305,2.5,320,495,
1306,2.6,320,530,
1307,2.7,320,532,
1308,2.6,320,489,
1309,2.5,319,507,
1310,2.5,320,503,
1311,2.6,320,512,
1312,2.5,320,505,
1313,2.5,320,501,
1314,2.3,320,481,
1315,2.5,320,512,
1316,2.5,321,517,
1317,2.5,321,515,
1318,2.7,320,534,
1319,2.6,320,522,
1320,2.4,319,486,
1321,2.5,320,504,
1322,2.4,320,502,
1323,2.4,320,496,
1324,2.4,320,481,
1325,2.5,320,506,
1326,2.6,320,532,
1327,2.4,319,501,
1328,2.6,319,515,
1329,2.4,319,508,
1330,2.4,320,498,
1331,2.5,320,498,
1332,2.5,319,524,
1333,2.6,320,523,
1334,2.4,320,483,
1335,2.6,321,562,
1336,2.5,324,512,
1337,2.6,319,531,
1338,2.5,320,540,
1339,2.7,319,503,
1340,2.6,319,520,
1341,2.6,320,516,
1342,2.7,319,518,
1343,2.2,319,479,
1344,2.5,318,504,
1345,2.6,319,526,
1346,2.5,320,512,
1347,2.6,320,506,
1348,2.4,320,488,
1349,2.4,318,501,
1350,2.8,319,548,
1351,2.5,320,515,
1352,2.4,319,532,
1353,2.8,319,511,
1354,2.5,319,506,
1355,2.4,320,536,
1356,2.4,320,499,
1357,2.4,319,495,
1358,2.6,319,529,
1361,2.5,320,526,
1362,2.6,319,532,
1363,2.5,320,500,
1365,2.4,319,491,
1366,2.6,319,522,
1368,2.5,319,502,
1369,2.4,319,548,
1371,2.4,320,501,
1372,2.5,330,533,
1373,2.4,319,478,
1374,2.4,319,483,
1375,2.5,320,498,
1376,2.6,320,521,
1377,2.4,320,499,
1378,2.3,323,480,
1379,2.5,326,495,
1381,2.5,319,491,
1382,2.5,320,480,
1383,2.4,320,480,
1384,2.3,324,576,
1385,2.4,320,485,
1386,2.4,319,572,
1387,2.4,319,483,
1388,2.5,320,514,
1389,2.5,320,525,
1390,2.3,320,481,
1392,2.4,318,479,
1393,2.4,319,537,
1394,2.6,320,500,
1395,2.5,319,513,
1396,2.4,320,477,
1397,2.5,320,487,
1398,2.4,320,486,
1399,2.4,320,493,
1400,2.5,320,505,
1401,2.4,319,480,
1402,2.4,319,482,
1403,2.4,320,488,
1404,2.4,320,494,
1405,2.5,319,495,
1406,2.4,319,526,
1407,2.3,320,570,
1408,2.4,319,541,
1409,2.4,319,497,
1410,2.4,319,486,
1411,2.4,319,495,
1412,2.5,319,534,
1413,2.4,334,488,
1414,2.4,320,485,
1415,2.3,320,478,
1416,2.3,325,463,
1417,2.5,319,489,
1418,2.4,319,496,
1419,2.5,319,487,
1420,2.5,319,497,
1421,2.5,319,487,
1422,2.5,320,493,
1423,2.3,319,470,
1424,2.4,320,490,
1425,2.3,320,571,
1426,2.4,319,526,
1427,2.6,319,521,
1428,2.4,320,579,
1429,2.4,320,483,
1430,2.2,329,478,
1431,2.4,320,481,
1432,2.4,320,492,
1433,2.4,328,483,
1435,2.5,319,501,
1436,2.4,326,480,
1437,2.4,319,476,
1438,2.6,321,499,
1439,2.4,334,498,
1440,2.5,319,551,
1441,2.4,320,473,
1443,2.5,320,506,
1444,2.4,318,550,
1445,2.4,320,484,
1446,2.5,319,497,
1447,2.4,319,485,
1448,2.4,320,491,
1449,2.5,324,563,
1450,2.5,319,490,
1451,2.4,321,491,
1452,2.3,321,474,
1453,2.5,319,481,
1454,2.4,319,481,
1455,2.3,320,467,
1456,2.4,320,491,
1457,2.5,320,491,
1458,2.5,320,513,
1459,2.4,319,483,
1460,2.3,321,527,
1461,2.4,322,547,
1462,2.3,332,482,
1463,2.5,319,490,
1464,2.5,320,489,
1465,2.4,319,471,
1466,2.4,320,484,
1467,2.3,319,468,
1468,2.5,319,522,
1469,2.4,320,497,
1470,2.5,319,485,
1472,2.3,320,483,
1473,2.4,320,489,
1474,2.3,320,472,
1475,2.5,319,507,
1476,2.4,319,484,
1477,2.4,319,477,
1478,2.5,335,496,
1479,2.3,336,558,
1480,2.5,325,501,
1482,2.5,319,504,
1483,2.3,320,553,
1484,2.6,319,508,
1485,2.4,319,486,
1486,2.5,319,487,
1487,2.3,320,466,
1488,2.4,320,492,
1489,2.3,328,584,
1490,2.3,319,490,
1491,2.5,320,496,
1492,2.5,319,545,
1493,2.3,320,471,
1494,2.4,321,489,
1495,2.5,320,584,
1496,2.5,319,492,
1497,2.5,320,497,
1498,2.3,320,482,
1499,2.3,320,536,
1500,2.5,319,498,
1501,2.3,319,472,
1503,2.6,319,526,
1504,2.4,320,477,
1505,2.3,320,464,
1506,2.4,320,522,
1507,2.4,320,492,
1508,2.3,320,467,
1509,2.4,320,499,
1510,2.5,319,516,
1511,2.3,319,470,
1512,2.6,320,535,
1513,2.3,320,480,
1514,2.5,319,512,
1515,2.5,319,534,
1516,2.3,320,471,
1517,2.3,319,496,
1518,2.3,319,469,
1519,2.4,320,475,
1520,2.3,319,496,
1521,2.4,320,551,
1522,2.3,319,565,
1523,2.5,320,503,
1524,2.3,320,492,
1525,2.6,319,511,
1526,2.3,321,465,
1527,2.5,319,490,
1528,2.3,320,460,
1529,2.6,319,517,
1530,2.8,319,595,
1531,2.5,320,541,
1532,2.6,320,572,
1533,2.4,319,561,
1534,2.3,319,564,
1535,2.2,320,465,
1536,2.5,320,640,
1537,2.3,319,515,
1538,2.3,320,580,
1539,2.3,320,485,
1540,2.3,319,479,
1541,2.3,319,513,
1542,2.6,320,570,
1543,2.6,320,506,
1544,2.4,320,472,
1545,2.3,320,466,
1546,2.3,320,572,
1547,2.3,320,462,
1548,2.5,319,543,
1549,2.4,320,521,
1550,2.3,320,493,
1551,2.3,319,474,
1552,2.5,319,525,
1553,2.3,319,479,
1554,2.7,331,562,
1555,2.3,330,468,
1556,2.5,328,500,
1557,2.3,320,481,
1558,2.3,320,467,
1559,2.3,320,483,
1560,2.6,320,515,
1561,2.5,319,487,
1562,2.4,319,483,
1563,2.6,320,616,
1564,2.9,320,556,
1565,2.3,320,473,
1566,2.6,320,512,
1567,2.6,319,596,
1568,2.2,319,462,
1569,2.6,319,523,
1570,2.5,320,571,
1571,2.3,320,476,
1573,2.5,319,494,
1574,2.7,320,535,
1575,2.3,320,529,
1576,2.5,320,573,
1577,2.3,336,461,
1578,2.5,320,507,
1579,2.5,320,509,
1580,2.8,319,542,
1581,2.6,321,587,
1582,2.4,321,484,
1583,2.5,320,514,
1584,2.6,319,526,
1585,3.0,319,570,
1586,3.0,320,573,
1587,2.8,320,561,
1588,2.7,319,536,
1589,2.9,319,555,
1590,2.6,318,577,
1591,2.8,319,536,
1592,2.8,318,541,
1593,2.8,320,537,
1594,2.7,320,528,
1595,2.6,320,523,
1596,2.5,319,505,
1597,2.9,319,558,
1598,2.6,319,508,
1599,2.8,319,543,
1600,2.8,319,546,
1601,2.5,320,505,
1602,2.7,319,525,
1603,2.8,319,539,
1604,2.8,320,543,
1605,2.7,320,529,
1606,2.8,328,540,
1607,2.8,320,605,
1608,2.6,319,518,
1609,2.7,319,532,
1610,2.5,320,496,
1611,2.7,319,570,
1612,2.8,319,552,
1621,2.9,319,560,
1622,3.0,321,566,
1623,2.8,319,542,
1624,2.9,320,573,
1625,2.8,319,548,
1626,2.8,319,533,
1627,2.8,320,551,
1628,2.9,319,554,
1629,2.8,320,561,
1630,2.7,321,518,
1631,2.9,320,558,
1632,2.9,320,562,
1633,2.9,320,558,
1634,2.7,319,526,
1635,2.7,321,573,
1636,2.9,320,555,
1637,2.7,320,525,
1638,2.8,320,536,
1639,2.8,320,585,
1640,2.7,319,518,
1641,2.9,320,567,
1642,2.9,319,562,
1643,2.9,321,588,
1644,2.7,319,524,
1645,2.9,320,565,
1646,2.8,320,562,
1647,2.9,321,558,
1648,2.8,320,538,
1649,2.9,320,603,
1650,2.7,321,529,
1651,3.0,320,594,
1652,2.8,319,539,
1653,2.8,319,548,
1654,2.8,319,543,
1655,2.8,319,553,
1656,2.9,319,583,
1657,2.8,320,543,
1658,2.6,318,507,
1659,2.9,319,563,
1660,3.1,319,594,
1661,2.8,320,555,
1662,3.0,320,570,
1663,2.9,319,564,
1664,2.9,319,578,
1665,2.9,319,544,
1667,2.6,324,525,
1668,2.8,319,628,
1669,2.8,320,541,
1670,3.0,319,587,
1671,2.6,320,588,
1672,2.8,320,588,
1673,2.7,318,531,
1674,3.0,319,585,
1675,2.8,319,586,
1676,2.7,319,532,
1677,2.9,320,612,
1678,2.8,319,545,
1679,2.9,319,567,
1680,2.8,320,545,
1681,2.8,320,550,
1682,2.6,319,515,
1683,2.7,320,558,
1684,2.9,324,576,
1685,2.6,319,519,
1686,2.6,320,511,
1687,2.6,319,518,
1688,2.5,325,491,
1689,2.4,320,471,
1690,2.4,319,534,
1691,2.5,320,491,
1692,2.4,320,478,
1693,2.3,319,455,
1694,2.4,319,476,
1695,2.8,319,554,
1696,2.8,320,544,
1697,2.3,319,490,
1698,2.8,320,547,
1699,2.6,320,500,
1700,2.4,320,475,
1701,2.4,319,479,
1702,2.9,319,566,
1703,2.3,319,467,
1704,2.6,319,503,
1705,2.5,319,506,
1706,2.6,319,536,
1707,2.6,320,520,
1708,2.5,320,515,
1709,2.8,319,538,
1710,2.4,319,487,
1711,2.8,320,533,
1713,2.6,321,525,
1714,2.8,319,545,
1715,2.7,320,538,
1716,2.7,320,593,
1717,2.8,319,546,
1718,2.4,320,483,
1719,2.8,319,538,
1720,2.6,319,506,
1721,2.8,320,558,
1722,2.8,320,549,
1723,2.9,319,600,
1724,2.8,320,545,
1725,2.4,320,473,
1726,2.4,319,477,
1727,2.6,319,525,
1728,2.7,318,531,
1729,2.7,320,562,
1730,2.2,320,453,
1731,2.4,320,496,
1732,2.9,320,569,
1733,2.9,320,567,
1734,2.6,319,522,
1735,2.5,320,494,
1736,2.7,320,528,
1737,2.8,319,533,
1738,2.8,320,551,
1739,2.8,319,557,
1740,2.4,319,499,
1741,2.6,319,516,
1742,2.3,319,505,
1743,2.7,320,540,
1744,2.5,319,492,
1745,2.6,319,522,
1746,2.6,320,508,
1747,2.8,320,550,
1748,2.4,319,465,
1749,2.6,319,512,
1750,2.5,319,513,
1751,2.6,319,506,
1753,2.4,319,476,
1754,2.4,319,486,
1755,2.2,320,472,
1756,2.6,320,515,
1757,2.5,320,547,
1758,2.9,319,545,
1759,2.6,320,504,
1760,2.5,319,491,
1761,2.7,319,519,
1762,2.7,320,543,
1763,2.6,319,523,
1764,2.5,318,511,
1765,2.8,319,549,
1767,2.9,319,560,
1768,2.9,320,564,
1769,2.8,319,555,
1770,2.5,320,507,
1771,2.6,319,517,
1773,2.6,325,518,
1774,2.6,319,515,
1775,2.8,319,566,
1776,2.4,320,489,
1777,2.4,319,484,
1778,2.6,319,529,
1779,2.5,319,489,
1780,2.8,319,542,
1781,2.8,319,540,
1782,2.8,319,542,
1783,2.6,320,497,
1784,2.5,320,503,
1785,2.8,319,553,
1786,2.6,320,516,
1787,3.0,320,588,
1788,2.3,319,486,
1789,2.4,319,477,
1790,2.9,323,576,
1791,2.5,320,511,
1792,2.8,320,547,
1793,2.5,320,504,
1794,2.4,319,482,
1795,2.4,319,497,
1796,2.3,320,479,
1797,2.8,319,540,
1798,2.3,320,503,
1799,2.2,319,516,
1800,2.1,320,491,
1801,2.3,320,552,
1802,2.3,320,480,
1803,2.6,319,504,
1804,2.4,319,484,
1805,2.4,319,479,
1806,2.3,318,542,
1807,2.3,319,495,
1808,2.5,320,490,
1809,2.7,321,524,
1810,2.2,319,499,
1811,2.3,319,483,
1812,2.7,319,519,
1813,2.5,319,543,
1814,2.4,320,520,
1815,2.3,319,508,
1816,2.2,319,590,
1817,2.3,319,485,
1818,2.3,318,470,
1819,2.3,319,505,
1820,2.5,319,504,
1821,2.1,319,483,
1822,2.2,322,508,
1824,2.2,320,486,
1825,2.6,319,513,
1826,2.4,319,478,
1827,2.5,318,487,
1828,2.4,318,495,
1829,2.6,319,506,
1830,2.4,319,481,
1831,2.1,319,475,
1832,2.6,323,499,
1833,2.3,319,454,
1834,2.2,327,453,
1835,2.4,320,488,
1836,2.6,320,546,
1837,2.8,318,534,
1838,2.3,318,453,
1839,2.3,319,465,
1840,2.4,318,497,
1841,2.6,319,510,
1842,2.4,319,558,
1843,2.4,320,539,
1844,2.3,317,442,
1845,2.3,320,493,
1846,2.3,319,481,
1847,2.4,319,486,
1848,2.1,318,438,
1849,2.6,320,507,
1850,2.5,321,502,
1851,2.6,319,517,
1852,2.4,319,572,
1853,2.2,322,467,
1854,2.6,319,504,
1857,2.3,319,487,
1859,2.5,319,483,
1860,2.3,320,457,
1861,2.2,319,441,
1862,2.4,319,470,
1863,2.3,320,449,
1864,2.5,320,478,
1865,2.5,319,484,
1866,2.2,319,441,
1867,2.4,319,473,
1868,2.4,319,472,
1869,2.3,319,505,
1870,2.6,319,515,
1871,2.3,320,504,
1872,2.3,320,451,
1873,2.3,320,454,
1874,2.4,319,475,
1875,2.5,319,480,
1876,2.4,320,474,
1877,2.3,319,466,
1878,2.3,324,459,
1879,2.4,320,471,
1880,2.2,320,448,
1881,2.4,318,467,
1882,2.3,320,440,
1883,2.7,318,493,
1884,2.6,319,507,
1885,2.6,318,504,
1886,2.4,320,471,
1887,2.3,319,494,
1888,2.2,319,479,
1889,2.3,319,533,
1890,2.8,319,546,
1891,2.2,320,447,
1892,2.3,320,451,
1894,2.4,320,479,
1895,2.2,319,451,
1896,2.3,320,476,
1897,2.5,319,487,
1898,2.7,319,570,
1899,2.4,320,471,
1900,2.3,320,456,
1901,2.4,321,484,
1902,2.7,319,522,
1903,2.3,320,467,
1904,2.4,320,464,
1905,2.6,319,509,
1906,2.3,318,470,
1907,2.1,319,445,
1908,2.2,318,448,
1909,2.2,317,459,
1910,2.2,319,463,
1911,2.2,320,442,
1913,2.3,319,459,
1914,2.6,320,550,
1915,2.3,319,478,
1916,2.4,319,479,
1917,2.6,320,513,
1918,2.2,322,468,
1919,2.3,320,448,
1920,2.3,320,445,
1921,2.1,319,454,
1922,2.2,319,471,
1923,2.4,320,461,
1924,2.4,320,465,
1925,2.2,320,479,
1926,2.4,320,484,
1927,2.5,320,486,
1928,2.4,320,468,
1929,2.2,319,457,
1930,2.4,319,472,
1931,2.2,307,502,
